{"cameraMode":{"drawMode":0,"name":"Shaded","section":"Shading Mode"},"sceneLighting":false,"audioPlay":false,"sceneViewState":{"m_AlwaysRefresh":false,"showFog":true,"showSkybox":false,"showFlares":true,"showImageEffects":true,"showParticleSystems":true,"showVisualEffectGraphs":true,"m_FxEnabled":true},"in2DMode":false,"pivot":{"x":-10.472970962524414,"y":2.3808140754699709,"z":-0.037062883377075198},"rotation":{"x":-0.11982721835374832,"y":-0.31917646527290347,"z":0.04072265699505806,"w":-0.9392059445381165},"size":2.4526779651641847,"orthographic":false}