{"cameraMode":{"drawMode":0,"name":"Shaded","section":"Shading Mode"},"sceneLighting":false,"audioPlay":false,"sceneViewState":{"m_AlwaysRefresh":false,"showFog":true,"showSkybox":false,"showFlares":true,"showImageEffects":true,"showParticleSystems":true,"showVisualEffectGraphs":true,"m_FxEnabled":true},"in2DMode":false,"pivot":{"x":-13.257259368896485,"y":2.715881109237671,"z":-4.971715927124023},"rotation":{"x":0.07318092882633209,"y":-0.41082721948623659,"z":0.03307884931564331,"w":0.9081982374191284},"size":2.1542162895202638,"orthographic":false}