{"cameraMode":{"drawMode":0,"name":"Shaded","section":"Shading Mode"},"sceneLighting":false,"audioPlay":false,"sceneViewState":{"m_AlwaysRefresh":false,"showFog":true,"showSkybox":false,"showFlares":true,"showImageEffects":true,"showParticleSystems":true,"showVisualEffectGraphs":true,"m_FxEnabled":true},"in2DMode":false,"pivot":{"x":0.23337498307228089,"y":1.2699164152145386,"z":0.8345109820365906},"rotation":{"x":0.006933656986802816,"y":-0.8579396605491638,"z":0.011582890525460244,"w":0.5135730504989624},"size":0.4737122356891632,"orthographic":false}