{"cameraMode":{"drawMode":0,"name":"Shaded","section":"Shading Mode"},"sceneLighting":false,"audioPlay":false,"sceneViewState":{"m_AlwaysRefresh":false,"showFog":true,"showSkybox":false,"showFlares":true,"showImageEffects":true,"showParticleSystems":true,"showVisualEffectGraphs":true,"m_FxEnabled":true},"in2DMode":false,"pivot":{"x":-1.5000004768371583,"y":0.0000023855827748775484,"z":0.4999997913837433},"rotation":{"x":0.4955718517303467,"y":-0.08726488798856735,"z":0.05012858286499977,"w":0.8627434968948364},"size":1.5811485052108765,"orthographic":false}